Product Name,Sale price
sterling silver tiny 1.5mm plain band ring,['9.00']
sterling silver oval gemstone ring,['34.00']
sterling silver mini cutout heart ring,['6.00']
sterling silver organic split band ring,['14.00']
sterling silver three band hammered spinner ring,['32.00']
sterling silver 3 x 2mm russian wedding ring,['20.00']
sterling silver 1.5mm flat band ring,['8.00']
sterling silver cubic zirconia wishbone ring,['12.99']
sterling silver cubic zirconia marquise band ring,['18.00']
sterling silver narrow hammered band,['10.00']
sterling silver curved wishbone ring,['8.00']
sterling silver heart gemstone bobble ring,['12.00']
sterling silver 3 x 1mm russian wedding band,['12.00']
3mm plain sterling silver d shaped band ring,['16.00']
sterling silver dotty band spinner ring,['18.00']
sterling silver split band wave ring,['12.00']
sterling silver mini wave ring,['6.00']
sterling silver cubic zirconia ultra fine twist ring,['9.00']
sterling silver 4mm d shaped plain band ring,['18.00']
sterling silver fine fancy band ring,['8.00']
sterling silver little wiggle ring,['9.00']
sterling silver slim concave spinning ring,['18.00']
sterling silver pinched band ring,['15.00']
sterling silver hammered spinning ring,['35.00']
sterling silver tiny 1.5mm plain band ring,['9.00']
sterling silver oval gemstone ring,['34.00']
sterling silver mini cutout heart ring,['6.00']
sterling silver organic split band ring,['14.00']
sterling silver three band hammered spinner ring,['32.00']
sterling silver 3 x 2mm russian wedding ring,['20.00']
sterling silver 1.5mm flat band ring,['8.00']
sterling silver cubic zirconia wishbone ring,['12.99']
sterling silver cubic zirconia marquise band ring,['18.00']
sterling silver narrow hammered band,['10.00']
sterling silver curved wishbone ring,['8.00']
sterling silver heart gemstone bobble ring,['12.00']
sterling silver 3 x 1mm russian wedding band,['12.00']
3mm plain sterling silver d shaped band ring,['16.00']
sterling silver dotty band spinner ring,['18.00']
sterling silver split band wave ring,['12.00']
sterling silver mini wave ring,['6.00']
sterling silver cubic zirconia ultra fine twist ring,['9.00']
sterling silver 4mm d shaped plain band ring,['18.00']
sterling silver fine fancy band ring,['8.00']
sterling silver little wiggle ring,['9.00']
sterling silver slim concave spinning ring,['18.00']
sterling silver pinched band ring,['15.00']
sterling silver hammered spinning ring,['35.00']
sterling silver tiny 1.5mm plain band ring,['9.00']
sterling silver oval gemstone ring,['34.00']
sterling silver mini cutout heart ring,['6.00']
sterling silver organic split band ring,['14.00']
sterling silver three band hammered spinner ring,['32.00']
sterling silver 3 x 2mm russian wedding ring,['20.00']
sterling silver 1.5mm flat band ring,['8.00']
sterling silver cubic zirconia wishbone ring,['12.99']
sterling silver cubic zirconia marquise band ring,['18.00']
sterling silver narrow hammered band,['10.00']
sterling silver curved wishbone ring,['8.00']
sterling silver heart gemstone bobble ring,['12.00']
sterling silver 3 x 1mm russian wedding band,['12.00']
3mm plain sterling silver d shaped band ring,['16.00']
sterling silver dotty band spinner ring,['18.00']
sterling silver split band wave ring,['12.00']
sterling silver mini wave ring,['6.00']
sterling silver cubic zirconia ultra fine twist ring,['9.00']
sterling silver 4mm d shaped plain band ring,['18.00']
sterling silver fine fancy band ring,['8.00']
sterling silver little wiggle ring,['9.00']
sterling silver slim concave spinning ring,['18.00']
sterling silver pinched band ring,['15.00']
sterling silver hammered spinning ring,['35.00']
sterling silver tiny 1.5mm plain band ring,['9.00']
sterling silver oval gemstone ring,['34.00']
sterling silver mini cutout heart ring,['6.00']
sterling silver organic split band ring,['14.00']
sterling silver three band hammered spinner ring,['32.00']
sterling silver 3 x 2mm russian wedding ring,['20.00']
sterling silver 1.5mm flat band ring,['8.00']
sterling silver cubic zirconia wishbone ring,['12.99']
sterling silver cubic zirconia marquise band ring,['18.00']
sterling silver narrow hammered band,['10.00']
sterling silver curved wishbone ring,['8.00']
sterling silver heart gemstone bobble ring,['12.00']
sterling silver 3 x 1mm russian wedding band,['12.00']
3mm plain sterling silver d shaped band ring,['16.00']
sterling silver dotty band spinner ring,['18.00']
sterling silver split band wave ring,['12.00']
sterling silver mini wave ring,['6.00']
sterling silver cubic zirconia ultra fine twist ring,['9.00']
sterling silver 4mm d shaped plain band ring,['18.00']
sterling silver fine fancy band ring,['8.00']
sterling silver little wiggle ring,['9.00']
sterling silver slim concave spinning ring,['18.00']
sterling silver pinched band ring,['15.00']
sterling silver hammered spinning ring,['35.00']
sterling silver tiny 1.5mm plain band ring,['9.00']
sterling silver oval gemstone ring,['34.00']
sterling silver mini cutout heart ring,['6.00']
sterling silver organic split band ring,['14.00']
sterling silver three band hammered spinner ring,['32.00']
sterling silver 3 x 2mm russian wedding ring,['20.00']
sterling silver 1.5mm flat band ring,['8.00']
sterling silver cubic zirconia wishbone ring,['12.99']
sterling silver cubic zirconia marquise band ring,['18.00']
sterling silver narrow hammered band,['10.00']
sterling silver curved wishbone ring,['8.00']
sterling silver heart gemstone bobble ring,['12.00']
sterling silver 3 x 1mm russian wedding band,['12.00']
3mm plain sterling silver d shaped band ring,['16.00']
sterling silver dotty band spinner ring,['18.00']
sterling silver split band wave ring,['12.00']
sterling silver mini wave ring,['6.00']
sterling silver cubic zirconia ultra fine twist ring,['9.00']
sterling silver 4mm d shaped plain band ring,['18.00']
sterling silver fine fancy band ring,['8.00']
sterling silver little wiggle ring,['9.00']
sterling silver slim concave spinning ring,['18.00']
sterling silver pinched band ring,['15.00']
sterling silver hammered spinning ring,['35.00']
sterling silver tiny 1.5mm plain band ring,['9.00']
sterling silver oval gemstone ring,['34.00']
sterling silver mini cutout heart ring,['6.00']
sterling silver organic split band ring,['14.00']
sterling silver three band hammered spinner ring,['32.00']
sterling silver 3 x 2mm russian wedding ring,['20.00']
sterling silver 1.5mm flat band ring,['8.00']
sterling silver cubic zirconia wishbone ring,['12.99']
sterling silver cubic zirconia marquise band ring,['18.00']
sterling silver narrow hammered band,['10.00']
sterling silver curved wishbone ring,['8.00']
sterling silver heart gemstone bobble ring,['12.00']
sterling silver 3 x 1mm russian wedding band,['12.00']
3mm plain sterling silver d shaped band ring,['16.00']
sterling silver dotty band spinner ring,['18.00']
sterling silver split band wave ring,['12.00']
sterling silver mini wave ring,['6.00']
sterling silver cubic zirconia ultra fine twist ring,['9.00']
sterling silver 4mm d shaped plain band ring,['18.00']
sterling silver fine fancy band ring,['8.00']
sterling silver little wiggle ring,['9.00']
sterling silver slim concave spinning ring,['18.00']
sterling silver pinched band ring,['15.00']
sterling silver hammered spinning ring,['35.00']
sterling silver tiny 1.5mm plain band ring,['9.00']
sterling silver oval gemstone ring,['34.00']
sterling silver mini cutout heart ring,['6.00']
sterling silver organic split band ring,['14.00']
sterling silver three band hammered spinner ring,['32.00']
sterling silver 3 x 2mm russian wedding ring,['20.00']
sterling silver 1.5mm flat band ring,['8.00']
sterling silver cubic zirconia wishbone ring,['12.99']
sterling silver cubic zirconia marquise band ring,['18.00']
sterling silver narrow hammered band,['10.00']
sterling silver curved wishbone ring,['8.00']
sterling silver heart gemstone bobble ring,['12.00']
sterling silver 3 x 1mm russian wedding band,['12.00']
3mm plain sterling silver d shaped band ring,['16.00']
sterling silver dotty band spinner ring,['18.00']
sterling silver split band wave ring,['12.00']
sterling silver mini wave ring,['6.00']
sterling silver cubic zirconia ultra fine twist ring,['9.00']
sterling silver 4mm d shaped plain band ring,['18.00']
sterling silver fine fancy band ring,['8.00']
sterling silver little wiggle ring,['9.00']
sterling silver slim concave spinning ring,['18.00']
sterling silver pinched band ring,['15.00']
sterling silver hammered spinning ring,['35.00']
sterling silver tiny 1.5mm plain band ring,['9.00']
sterling silver oval gemstone ring,['34.00']
sterling silver mini cutout heart ring,['6.00']
sterling silver organic split band ring,['14.00']
sterling silver three band hammered spinner ring,['32.00']
sterling silver 3 x 2mm russian wedding ring,['20.00']
sterling silver 1.5mm flat band ring,['8.00']
sterling silver cubic zirconia wishbone ring,['12.99']
sterling silver cubic zirconia marquise band ring,['18.00']
sterling silver narrow hammered band,['10.00']
sterling silver curved wishbone ring,['8.00']
sterling silver heart gemstone bobble ring,['12.00']
sterling silver 3 x 1mm russian wedding band,['12.00']
3mm plain sterling silver d shaped band ring,['16.00']
sterling silver dotty band spinner ring,['18.00']
sterling silver split band wave ring,['12.00']
sterling silver mini wave ring,['6.00']
sterling silver cubic zirconia ultra fine twist ring,['9.00']
sterling silver 4mm d shaped plain band ring,['18.00']
sterling silver fine fancy band ring,['8.00']
sterling silver little wiggle ring,['9.00']
sterling silver slim concave spinning ring,['18.00']
sterling silver pinched band ring,['15.00']
sterling silver hammered spinning ring,['35.00']
sterling silver tiny 1.5mm plain band ring,['9.00']
sterling silver oval gemstone ring,['34.00']
sterling silver mini cutout heart ring,['6.00']
sterling silver organic split band ring,['14.00']
sterling silver three band hammered spinner ring,['32.00']
sterling silver 3 x 2mm russian wedding ring,['20.00']
sterling silver 1.5mm flat band ring,['8.00']
sterling silver cubic zirconia wishbone ring,['12.99']
sterling silver cubic zirconia marquise band ring,['18.00']
sterling silver narrow hammered band,['10.00']
sterling silver curved wishbone ring,['8.00']
sterling silver heart gemstone bobble ring,['12.00']
sterling silver 3 x 1mm russian wedding band,['12.00']
3mm plain sterling silver d shaped band ring,['16.00']
sterling silver dotty band spinner ring,['18.00']
sterling silver split band wave ring,['12.00']
sterling silver mini wave ring,['6.00']
sterling silver cubic zirconia ultra fine twist ring,['9.00']
sterling silver 4mm d shaped plain band ring,['18.00']
sterling silver fine fancy band ring,['8.00']
sterling silver little wiggle ring,['9.00']
sterling silver slim concave spinning ring,['18.00']
sterling silver pinched band ring,['15.00']
sterling silver hammered spinning ring,['35.00']
sterling silver tiny 1.5mm plain band ring,['9.00']
sterling silver oval gemstone ring,['34.00']
sterling silver mini cutout heart ring,['6.00']
sterling silver organic split band ring,['14.00']
sterling silver three band hammered spinner ring,['32.00']
sterling silver 3 x 2mm russian wedding ring,['20.00']
sterling silver 1.5mm flat band ring,['8.00']
sterling silver cubic zirconia wishbone ring,['12.99']
sterling silver cubic zirconia marquise band ring,['18.00']
sterling silver narrow hammered band,['10.00']
sterling silver curved wishbone ring,['8.00']
sterling silver heart gemstone bobble ring,['12.00']
sterling silver 3 x 1mm russian wedding band,['12.00']
3mm plain sterling silver d shaped band ring,['16.00']
sterling silver dotty band spinner ring,['18.00']
sterling silver split band wave ring,['12.00']
sterling silver mini wave ring,['6.00']
sterling silver cubic zirconia ultra fine twist ring,['9.00']
sterling silver 4mm d shaped plain band ring,['18.00']
sterling silver fine fancy band ring,['8.00']
sterling silver little wiggle ring,['9.00']
sterling silver slim concave spinning ring,['18.00']
sterling silver pinched band ring,['15.00']
sterling silver hammered spinning ring,['35.00']
sterling silver tiny 1.5mm plain band ring,['9.00']
sterling silver oval gemstone ring,['34.00']
sterling silver mini cutout heart ring,['6.00']
sterling silver organic split band ring,['14.00']
sterling silver three band hammered spinner ring,['32.00']
sterling silver 3 x 2mm russian wedding ring,['20.00']
sterling silver 1.5mm flat band ring,['8.00']
sterling silver cubic zirconia wishbone ring,['12.99']
sterling silver cubic zirconia marquise band ring,['18.00']
sterling silver narrow hammered band,['10.00']
sterling silver curved wishbone ring,['8.00']
sterling silver heart gemstone bobble ring,['12.00']
sterling silver 3 x 1mm russian wedding band,['12.00']
3mm plain sterling silver d shaped band ring,['16.00']
sterling silver dotty band spinner ring,['18.00']
sterling silver split band wave ring,['12.00']
sterling silver mini wave ring,['6.00']
sterling silver cubic zirconia ultra fine twist ring,['9.00']
sterling silver 4mm d shaped plain band ring,['18.00']
sterling silver fine fancy band ring,['8.00']
sterling silver little wiggle ring,['9.00']
sterling silver slim concave spinning ring,['18.00']
sterling silver pinched band ring,['15.00']
sterling silver hammered spinning ring,['35.00']
sterling silver tiny 1.5mm plain band ring,['9.00']
sterling silver oval gemstone ring,['34.00']
sterling silver mini cutout heart ring,['6.00']
sterling silver organic split band ring,['14.00']
sterling silver three band hammered spinner ring,['32.00']
sterling silver 3 x 2mm russian wedding ring,['20.00']
sterling silver 1.5mm flat band ring,['8.00']
sterling silver cubic zirconia wishbone ring,['12.99']
sterling silver cubic zirconia marquise band ring,['18.00']
sterling silver narrow hammered band,['10.00']
sterling silver curved wishbone ring,['8.00']
sterling silver heart gemstone bobble ring,['12.00']
sterling silver 3 x 1mm russian wedding band,['12.00']
3mm plain sterling silver d shaped band ring,['16.00']
sterling silver dotty band spinner ring,['18.00']
sterling silver split band wave ring,['12.00']
sterling silver mini wave ring,['6.00']
sterling silver cubic zirconia ultra fine twist ring,['9.00']
sterling silver 4mm d shaped plain band ring,['18.00']
sterling silver fine fancy band ring,['8.00']
sterling silver little wiggle ring,['9.00']
sterling silver slim concave spinning ring,['18.00']
sterling silver pinched band ring,['15.00']
sterling silver hammered spinning ring,['35.00']
sterling silver tiny 1.5mm plain band ring,['9.00']
sterling silver oval gemstone ring,['34.00']
sterling silver mini cutout heart ring,['6.00']
sterling silver organic split band ring,['14.00']
sterling silver three band hammered spinner ring,['32.00']
sterling silver 3 x 2mm russian wedding ring,['20.00']
sterling silver 1.5mm flat band ring,['8.00']
sterling silver cubic zirconia wishbone ring,['12.99']
sterling silver cubic zirconia marquise band ring,['18.00']
sterling silver narrow hammered band,['10.00']
sterling silver curved wishbone ring,['8.00']
sterling silver heart gemstone bobble ring,['12.00']
sterling silver 3 x 1mm russian wedding band,['12.00']
3mm plain sterling silver d shaped band ring,['16.00']
sterling silver dotty band spinner ring,['18.00']
sterling silver split band wave ring,['12.00']
sterling silver mini wave ring,['6.00']
sterling silver cubic zirconia ultra fine twist ring,['9.00']
sterling silver 4mm d shaped plain band ring,['18.00']
sterling silver fine fancy band ring,['8.00']
sterling silver little wiggle ring,['9.00']
sterling silver slim concave spinning ring,['18.00']
sterling silver pinched band ring,['15.00']
sterling silver hammered spinning ring,['35.00']
sterling silver tiny 1.5mm plain band ring,['9.00']
sterling silver oval gemstone ring,['34.00']
sterling silver mini cutout heart ring,['6.00']
sterling silver organic split band ring,['14.00']
sterling silver three band hammered spinner ring,['32.00']
sterling silver 3 x 2mm russian wedding ring,['20.00']
sterling silver 1.5mm flat band ring,['8.00']
sterling silver cubic zirconia wishbone ring,['12.99']
sterling silver cubic zirconia marquise band ring,['18.00']
sterling silver narrow hammered band,['10.00']
sterling silver curved wishbone ring,['8.00']
sterling silver heart gemstone bobble ring,['12.00']
sterling silver 3 x 1mm russian wedding band,['12.00']
3mm plain sterling silver d shaped band ring,['16.00']
sterling silver dotty band spinner ring,['18.00']
sterling silver split band wave ring,['12.00']
sterling silver mini wave ring,['6.00']
sterling silver cubic zirconia ultra fine twist ring,['9.00']
sterling silver 4mm d shaped plain band ring,['18.00']
sterling silver fine fancy band ring,['8.00']
sterling silver little wiggle ring,['9.00']
sterling silver slim concave spinning ring,['18.00']
sterling silver pinched band ring,['15.00']
sterling silver hammered spinning ring,['35.00']
sterling silver 10mm sleeper hoop,['2.50']
sterling silver 3mm bead studs,['3.99']
sterling silver essential hinged huggie hoop,['12.00']
sterling silver 12mm sleeper hoop,['3.00']
sterling silver 8mm sleeper hoop,['2.25']
sterling silver gemstone teardrop earrings,['14.00']
sterling silver claw set cubic zirconia studs,['5.99']
sterling silver 2mm bead studs,['3.99']
sterling silver tiny crossover hoop,['12.00']
sterling silver simple knot studs,['6.00']
sterling silver cubic zirconia 12mm huggy hoop,['18.00']
sterling silver 3mm claw set cubic zirconia studs,['8.00']
sterling silver huggie hoop mismatched celestial charms,['16.00']
sterling silver 10mm square tube hoop,['8.00']
sterling silver round opal studs,['12.00']
sterling silver open heart charm hoop,['8.00']
2mm sterling silver cubic zirconia solitaire studs,['7.00']
sterling silver puffed creole hoop,['22.00']
sterling silver tiny double star studs,['8.00']
sterling silver cubic zirconia 10mm huggy hoop,['15.00']
sterling silver mini opal charm hoop,['18.00']
sterling silver 4mm bead studs,['3.99']
sterling silver 3mm cubic zirconia studs,['7.99']
sterling silver 35mm hammered hoop,['18.00']
sterling silver 10mm sleeper hoop,['2.50']
sterling silver 3mm bead studs,['3.99']
sterling silver essential hinged huggie hoop,['12.00']
sterling silver 12mm sleeper hoop,['3.00']
sterling silver 8mm sleeper hoop,['2.25']
sterling silver gemstone teardrop earrings,['14.00']
sterling silver claw set cubic zirconia studs,['5.99']
sterling silver 2mm bead studs,['3.99']
sterling silver tiny crossover hoop,['12.00']
sterling silver simple knot studs,['6.00']
sterling silver cubic zirconia 12mm huggy hoop,['18.00']
sterling silver 3mm claw set cubic zirconia studs,['8.00']
sterling silver huggie hoop mismatched celestial charms,['16.00']
sterling silver 10mm square tube hoop,['8.00']
sterling silver round opal studs,['12.00']
sterling silver open heart charm hoop,['8.00']
2mm sterling silver cubic zirconia solitaire studs,['7.00']
sterling silver puffed creole hoop,['22.00']
sterling silver tiny double star studs,['8.00']
sterling silver cubic zirconia 10mm huggy hoop,['15.00']
sterling silver mini opal charm hoop,['18.00']
sterling silver 4mm bead studs,['3.99']
sterling silver 3mm cubic zirconia studs,['7.99']
sterling silver 35mm hammered hoop,['18.00']
sterling silver 10mm sleeper hoop,['2.50']
sterling silver 3mm bead studs,['3.99']
sterling silver essential hinged huggie hoop,['12.00']
sterling silver 12mm sleeper hoop,['3.00']
sterling silver 8mm sleeper hoop,['2.25']
sterling silver gemstone teardrop earrings,['14.00']
sterling silver claw set cubic zirconia studs,['5.99']
sterling silver 2mm bead studs,['3.99']
sterling silver tiny crossover hoop,['12.00']
sterling silver simple knot studs,['6.00']
sterling silver cubic zirconia 12mm huggy hoop,['18.00']
sterling silver 3mm claw set cubic zirconia studs,['8.00']
sterling silver huggie hoop mismatched celestial charms,['16.00']
sterling silver 10mm square tube hoop,['8.00']
sterling silver round opal studs,['12.00']
sterling silver open heart charm hoop,['8.00']
2mm sterling silver cubic zirconia solitaire studs,['7.00']
sterling silver puffed creole hoop,['22.00']
sterling silver tiny double star studs,['8.00']
sterling silver cubic zirconia 10mm huggy hoop,['15.00']
sterling silver mini opal charm hoop,['18.00']
sterling silver 4mm bead studs,['3.99']
sterling silver 3mm cubic zirconia studs,['7.99']
sterling silver 35mm hammered hoop,['18.00']
sterling silver 10mm sleeper hoop,['2.50']
sterling silver 3mm bead studs,['3.99']
sterling silver essential hinged huggie hoop,['12.00']
sterling silver 12mm sleeper hoop,['3.00']
sterling silver 8mm sleeper hoop,['2.25']
sterling silver gemstone teardrop earrings,['14.00']
sterling silver claw set cubic zirconia studs,['5.99']
sterling silver 2mm bead studs,['3.99']
sterling silver tiny crossover hoop,['12.00']
sterling silver simple knot studs,['6.00']
sterling silver cubic zirconia 12mm huggy hoop,['18.00']
sterling silver 3mm claw set cubic zirconia studs,['8.00']
sterling silver huggie hoop mismatched celestial charms,['16.00']
sterling silver 10mm square tube hoop,['8.00']
sterling silver round opal studs,['12.00']
sterling silver open heart charm hoop,['8.00']
2mm sterling silver cubic zirconia solitaire studs,['7.00']
sterling silver puffed creole hoop,['22.00']
sterling silver tiny double star studs,['8.00']
sterling silver cubic zirconia 10mm huggy hoop,['15.00']
sterling silver mini opal charm hoop,['18.00']
sterling silver 4mm bead studs,['3.99']
sterling silver 3mm cubic zirconia studs,['7.99']
sterling silver 35mm hammered hoop,['18.00']
sterling silver 10mm sleeper hoop,['2.50']
sterling silver 3mm bead studs,['3.99']
sterling silver essential hinged huggie hoop,['12.00']
sterling silver 12mm sleeper hoop,['3.00']
sterling silver 8mm sleeper hoop,['2.25']
sterling silver gemstone teardrop earrings,['14.00']
sterling silver claw set cubic zirconia studs,['5.99']
sterling silver 2mm bead studs,['3.99']
sterling silver tiny crossover hoop,['12.00']
sterling silver simple knot studs,['6.00']
sterling silver cubic zirconia 12mm huggy hoop,['18.00']
sterling silver 3mm claw set cubic zirconia studs,['8.00']
sterling silver huggie hoop mismatched celestial charms,['16.00']
sterling silver 10mm square tube hoop,['8.00']
sterling silver round opal studs,['12.00']
sterling silver open heart charm hoop,['8.00']
2mm sterling silver cubic zirconia solitaire studs,['7.00']
sterling silver puffed creole hoop,['22.00']
sterling silver tiny double star studs,['8.00']
sterling silver cubic zirconia 10mm huggy hoop,['15.00']
sterling silver mini opal charm hoop,['18.00']
sterling silver 4mm bead studs,['3.99']
sterling silver 3mm cubic zirconia studs,['7.99']
sterling silver 35mm hammered hoop,['18.00']
sterling silver 10mm sleeper hoop,['2.50']
sterling silver 3mm bead studs,['3.99']
sterling silver essential hinged huggie hoop,['12.00']
sterling silver 12mm sleeper hoop,['3.00']
sterling silver 8mm sleeper hoop,['2.25']
sterling silver gemstone teardrop earrings,['14.00']
sterling silver claw set cubic zirconia studs,['5.99']
sterling silver 2mm bead studs,['3.99']
sterling silver tiny crossover hoop,['12.00']
sterling silver simple knot studs,['6.00']
sterling silver cubic zirconia 12mm huggy hoop,['18.00']
sterling silver 3mm claw set cubic zirconia studs,['8.00']
sterling silver huggie hoop mismatched celestial charms,['16.00']
sterling silver 10mm square tube hoop,['8.00']
sterling silver round opal studs,['12.00']
sterling silver open heart charm hoop,['8.00']
2mm sterling silver cubic zirconia solitaire studs,['7.00']
sterling silver puffed creole hoop,['22.00']
sterling silver tiny double star studs,['8.00']
sterling silver cubic zirconia 10mm huggy hoop,['15.00']
sterling silver mini opal charm hoop,['18.00']
sterling silver 4mm bead studs,['3.99']
sterling silver 3mm cubic zirconia studs,['7.99']
sterling silver 35mm hammered hoop,['18.00']
sterling silver 10mm sleeper hoop,['2.50']
sterling silver 3mm bead studs,['3.99']
sterling silver essential hinged huggie hoop,['12.00']
sterling silver 12mm sleeper hoop,['3.00']
sterling silver 8mm sleeper hoop,['2.25']
sterling silver gemstone teardrop earrings,['14.00']
sterling silver claw set cubic zirconia studs,['5.99']
sterling silver 2mm bead studs,['3.99']
sterling silver tiny crossover hoop,['12.00']
sterling silver simple knot studs,['6.00']
sterling silver cubic zirconia 12mm huggy hoop,['18.00']
sterling silver 3mm claw set cubic zirconia studs,['8.00']
sterling silver huggie hoop mismatched celestial charms,['16.00']
sterling silver 10mm square tube hoop,['8.00']
sterling silver round opal studs,['12.00']
sterling silver open heart charm hoop,['8.00']
2mm sterling silver cubic zirconia solitaire studs,['7.00']
sterling silver puffed creole hoop,['22.00']
sterling silver tiny double star studs,['8.00']
sterling silver cubic zirconia 10mm huggy hoop,['15.00']
sterling silver mini opal charm hoop,['18.00']
sterling silver 4mm bead studs,['3.99']
sterling silver 3mm cubic zirconia studs,['7.99']
sterling silver 35mm hammered hoop,['18.00']
sterling silver 10mm sleeper hoop,['2.50']
sterling silver 3mm bead studs,['3.99']
sterling silver essential hinged huggie hoop,['12.00']
sterling silver 12mm sleeper hoop,['3.00']
sterling silver 8mm sleeper hoop,['2.25']
sterling silver gemstone teardrop earrings,['14.00']
sterling silver claw set cubic zirconia studs,['5.99']
sterling silver 2mm bead studs,['3.99']
sterling silver tiny crossover hoop,['12.00']
sterling silver simple knot studs,['6.00']
sterling silver cubic zirconia 12mm huggy hoop,['18.00']
sterling silver 3mm claw set cubic zirconia studs,['8.00']
sterling silver huggie hoop mismatched celestial charms,['16.00']
sterling silver 10mm square tube hoop,['8.00']
sterling silver round opal studs,['12.00']
sterling silver open heart charm hoop,['8.00']
2mm sterling silver cubic zirconia solitaire studs,['7.00']
sterling silver puffed creole hoop,['22.00']
sterling silver tiny double star studs,['8.00']
sterling silver cubic zirconia 10mm huggy hoop,['15.00']
sterling silver mini opal charm hoop,['18.00']
sterling silver 4mm bead studs,['3.99']
sterling silver 3mm cubic zirconia studs,['7.99']
sterling silver 35mm hammered hoop,['18.00']
sterling silver 10mm sleeper hoop,['2.50']
sterling silver 3mm bead studs,['3.99']
sterling silver essential hinged huggie hoop,['12.00']
sterling silver 12mm sleeper hoop,['3.00']
sterling silver 8mm sleeper hoop,['2.25']
sterling silver gemstone teardrop earrings,['14.00']
sterling silver claw set cubic zirconia studs,['5.99']
sterling silver 2mm bead studs,['3.99']
sterling silver tiny crossover hoop,['12.00']
sterling silver simple knot studs,['6.00']
sterling silver cubic zirconia 12mm huggy hoop,['18.00']
sterling silver 3mm claw set cubic zirconia studs,['8.00']
sterling silver huggie hoop mismatched celestial charms,['16.00']
sterling silver 10mm square tube hoop,['8.00']
sterling silver round opal studs,['12.00']
sterling silver open heart charm hoop,['8.00']
2mm sterling silver cubic zirconia solitaire studs,['7.00']
sterling silver puffed creole hoop,['22.00']
sterling silver tiny double star studs,['8.00']
sterling silver cubic zirconia 10mm huggy hoop,['15.00']
sterling silver mini opal charm hoop,['18.00']
sterling silver 4mm bead studs,['3.99']
sterling silver 3mm cubic zirconia studs,['7.99']
sterling silver 35mm hammered hoop,['18.00']
sterling silver 10mm sleeper hoop,['2.50']
sterling silver 3mm bead studs,['3.99']
sterling silver essential hinged huggie hoop,['12.00']
sterling silver 12mm sleeper hoop,['3.00']
sterling silver 8mm sleeper hoop,['2.25']
sterling silver gemstone teardrop earrings,['14.00']
sterling silver claw set cubic zirconia studs,['5.99']
sterling silver 2mm bead studs,['3.99']
sterling silver tiny crossover hoop,['12.00']
sterling silver simple knot studs,['6.00']
sterling silver cubic zirconia 12mm huggy hoop,['18.00']
sterling silver 3mm claw set cubic zirconia studs,['8.00']
sterling silver huggie hoop mismatched celestial charms,['16.00']
sterling silver 10mm square tube hoop,['8.00']
sterling silver round opal studs,['12.00']
sterling silver open heart charm hoop,['8.00']
2mm sterling silver cubic zirconia solitaire studs,['7.00']
sterling silver puffed creole hoop,['22.00']
sterling silver tiny double star studs,['8.00']
sterling silver cubic zirconia 10mm huggy hoop,['15.00']
sterling silver mini opal charm hoop,['18.00']
sterling silver 4mm bead studs,['3.99']
sterling silver 3mm cubic zirconia studs,['7.99']
sterling silver 35mm hammered hoop,['18.00']
sterling silver 10mm sleeper hoop,['2.50']
sterling silver 3mm bead studs,['3.99']
sterling silver essential hinged huggie hoop,['12.00']
sterling silver 12mm sleeper hoop,['3.00']
sterling silver 8mm sleeper hoop,['2.25']
sterling silver gemstone teardrop earrings,['14.00']
sterling silver claw set cubic zirconia studs,['5.99']
sterling silver 2mm bead studs,['3.99']
sterling silver tiny crossover hoop,['12.00']
sterling silver simple knot studs,['6.00']
sterling silver cubic zirconia 12mm huggy hoop,['18.00']
sterling silver 3mm claw set cubic zirconia studs,['8.00']
sterling silver huggie hoop mismatched celestial charms,['16.00']
sterling silver 10mm square tube hoop,['8.00']
sterling silver round opal studs,['12.00']
sterling silver open heart charm hoop,['8.00']
2mm sterling silver cubic zirconia solitaire studs,['7.00']
sterling silver puffed creole hoop,['22.00']
sterling silver tiny double star studs,['8.00']
sterling silver cubic zirconia 10mm huggy hoop,['15.00']
sterling silver mini opal charm hoop,['18.00']
sterling silver 4mm bead studs,['3.99']
sterling silver 3mm cubic zirconia studs,['7.99']
sterling silver 35mm hammered hoop,['18.00']
sterling silver 10mm sleeper hoop,['2.50']
sterling silver 3mm bead studs,['3.99']
sterling silver essential hinged huggie hoop,['12.00']
sterling silver 12mm sleeper hoop,['3.00']
sterling silver 8mm sleeper hoop,['2.25']
sterling silver gemstone teardrop earrings,['14.00']
sterling silver claw set cubic zirconia studs,['5.99']
sterling silver 2mm bead studs,['3.99']
sterling silver tiny crossover hoop,['12.00']
sterling silver simple knot studs,['6.00']
sterling silver cubic zirconia 12mm huggy hoop,['18.00']
sterling silver 3mm claw set cubic zirconia studs,['8.00']
sterling silver huggie hoop mismatched celestial charms,['16.00']
sterling silver 10mm square tube hoop,['8.00']
sterling silver round opal studs,['12.00']
sterling silver open heart charm hoop,['8.00']
2mm sterling silver cubic zirconia solitaire studs,['7.00']
sterling silver puffed creole hoop,['22.00']
sterling silver tiny double star studs,['8.00']
sterling silver cubic zirconia 10mm huggy hoop,['15.00']
sterling silver mini opal charm hoop,['18.00']
sterling silver 4mm bead studs,['3.99']
sterling silver 3mm cubic zirconia studs,['7.99']
sterling silver 35mm hammered hoop,['18.00']
sterling silver 10mm sleeper hoop,['2.50']
sterling silver 3mm bead studs,['3.99']
sterling silver essential hinged huggie hoop,['12.00']
sterling silver 12mm sleeper hoop,['3.00']
sterling silver 8mm sleeper hoop,['2.25']
sterling silver gemstone teardrop earrings,['14.00']
sterling silver claw set cubic zirconia studs,['5.99']
sterling silver 2mm bead studs,['3.99']
sterling silver tiny crossover hoop,['12.00']
sterling silver simple knot studs,['6.00']
sterling silver cubic zirconia 12mm huggy hoop,['18.00']
sterling silver 3mm claw set cubic zirconia studs,['8.00']
sterling silver huggie hoop mismatched celestial charms,['16.00']
sterling silver 10mm square tube hoop,['8.00']
sterling silver round opal studs,['12.00']
sterling silver open heart charm hoop,['8.00']
2mm sterling silver cubic zirconia solitaire studs,['7.00']
sterling silver puffed creole hoop,['22.00']
sterling silver tiny double star studs,['8.00']
sterling silver cubic zirconia 10mm huggy hoop,['15.00']
sterling silver mini opal charm hoop,['18.00']
sterling silver 4mm bead studs,['3.99']
sterling silver 3mm cubic zirconia studs,['7.99']
sterling silver 35mm hammered hoop,['18.00']
sterling silver 10mm sleeper hoop,['2.50']
sterling silver 3mm bead studs,['3.99']
sterling silver essential hinged huggie hoop,['12.00']
sterling silver 12mm sleeper hoop,['3.00']
sterling silver 8mm sleeper hoop,['2.25']
sterling silver gemstone teardrop earrings,['14.00']
sterling silver claw set cubic zirconia studs,['5.99']
sterling silver 2mm bead studs,['3.99']
sterling silver tiny crossover hoop,['12.00']
sterling silver simple knot studs,['6.00']
sterling silver cubic zirconia 12mm huggy hoop,['18.00']
sterling silver 3mm claw set cubic zirconia studs,['8.00']
sterling silver huggie hoop mismatched celestial charms,['16.00']
sterling silver 10mm square tube hoop,['8.00']
sterling silver round opal studs,['12.00']
sterling silver open heart charm hoop,['8.00']
2mm sterling silver cubic zirconia solitaire studs,['7.00']
sterling silver puffed creole hoop,['22.00']
sterling silver tiny double star studs,['8.00']
sterling silver cubic zirconia 10mm huggy hoop,['15.00']
sterling silver mini opal charm hoop,['18.00']
sterling silver 4mm bead studs,['3.99']
sterling silver 3mm cubic zirconia studs,['7.99']
sterling silver 35mm hammered hoop,['18.00']
sterling silver 10mm sleeper hoop,['2.50']
sterling silver 3mm bead studs,['3.99']
sterling silver essential hinged huggie hoop,['12.00']
sterling silver 12mm sleeper hoop,['3.00']
sterling silver 8mm sleeper hoop,['2.25']
sterling silver gemstone teardrop earrings,['14.00']
sterling silver claw set cubic zirconia studs,['5.99']
sterling silver 2mm bead studs,['3.99']
sterling silver tiny crossover hoop,['12.00']
sterling silver simple knot studs,['6.00']
sterling silver cubic zirconia 12mm huggy hoop,['18.00']
sterling silver 3mm claw set cubic zirconia studs,['8.00']
sterling silver huggie hoop mismatched celestial charms,['16.00']
sterling silver 10mm square tube hoop,['8.00']
sterling silver round opal studs,['12.00']
sterling silver open heart charm hoop,['8.00']
2mm sterling silver cubic zirconia solitaire studs,['7.00']
sterling silver puffed creole hoop,['22.00']
sterling silver tiny double star studs,['8.00']
sterling silver cubic zirconia 10mm huggy hoop,['15.00']
sterling silver mini opal charm hoop,['18.00']
sterling silver 4mm bead studs,['3.99']
sterling silver 3mm cubic zirconia studs,['7.99']
sterling silver 35mm hammered hoop,['18.00']
sterling silver 10mm sleeper hoop,['2.50']
sterling silver 3mm bead studs,['3.99']
sterling silver essential hinged huggie hoop,['12.00']
sterling silver 12mm sleeper hoop,['3.00']
sterling silver 8mm sleeper hoop,['2.25']
sterling silver gemstone teardrop earrings,['14.00']
sterling silver claw set cubic zirconia studs,['5.99']
sterling silver 2mm bead studs,['3.99']
sterling silver tiny crossover hoop,['12.00']
sterling silver simple knot studs,['6.00']
sterling silver cubic zirconia 12mm huggy hoop,['18.00']
sterling silver 3mm claw set cubic zirconia studs,['8.00']
sterling silver huggie hoop mismatched celestial charms,['16.00']
sterling silver 10mm square tube hoop,['8.00']
sterling silver round opal studs,['12.00']
sterling silver open heart charm hoop,['8.00']
2mm sterling silver cubic zirconia solitaire studs,['7.00']
sterling silver puffed creole hoop,['22.00']
sterling silver tiny double star studs,['8.00']
sterling silver cubic zirconia 10mm huggy hoop,['15.00']
sterling silver mini opal charm hoop,['18.00']
sterling silver 4mm bead studs,['3.99']
sterling silver 3mm cubic zirconia studs,['7.99']
sterling silver 35mm hammered hoop,['18.00']
sterling silver 10mm sleeper hoop,['2.50']
sterling silver 3mm bead studs,['3.99']
sterling silver essential hinged huggie hoop,['12.00']
sterling silver 12mm sleeper hoop,['3.00']
sterling silver 8mm sleeper hoop,['2.25']
sterling silver gemstone teardrop earrings,['14.00']
sterling silver claw set cubic zirconia studs,['5.99']
sterling silver 2mm bead studs,['3.99']
sterling silver tiny crossover hoop,['12.00']
sterling silver simple knot studs,['6.00']
sterling silver cubic zirconia 12mm huggy hoop,['18.00']
sterling silver 3mm claw set cubic zirconia studs,['8.00']
sterling silver huggie hoop mismatched celestial charms,['16.00']
sterling silver 10mm square tube hoop,['8.00']
sterling silver round opal studs,['12.00']
sterling silver open heart charm hoop,['8.00']
2mm sterling silver cubic zirconia solitaire studs,['7.00']
sterling silver puffed creole hoop,['22.00']
sterling silver tiny double star studs,['8.00']
sterling silver cubic zirconia 10mm huggy hoop,['15.00']
sterling silver mini opal charm hoop,['18.00']
sterling silver 4mm bead studs,['3.99']
sterling silver 3mm cubic zirconia studs,['7.99']
sterling silver 35mm hammered hoop,['18.00']
sterling silver 10mm sleeper hoop,['2.50']
sterling silver 3mm bead studs,['3.99']
sterling silver essential hinged huggie hoop,['12.00']
sterling silver 12mm sleeper hoop,['3.00']
sterling silver 8mm sleeper hoop,['2.25']
sterling silver gemstone teardrop earrings,['14.00']
sterling silver claw set cubic zirconia studs,['5.99']
sterling silver 2mm bead studs,['3.99']
sterling silver tiny crossover hoop,['12.00']
sterling silver simple knot studs,['6.00']
sterling silver cubic zirconia 12mm huggy hoop,['18.00']
sterling silver 3mm claw set cubic zirconia studs,['8.00']
sterling silver huggie hoop mismatched celestial charms,['16.00']
sterling silver 10mm square tube hoop,['8.00']
sterling silver round opal studs,['12.00']
sterling silver open heart charm hoop,['8.00']
2mm sterling silver cubic zirconia solitaire studs,['7.00']
sterling silver puffed creole hoop,['22.00']
sterling silver tiny double star studs,['8.00']
sterling silver cubic zirconia 10mm huggy hoop,['15.00']
sterling silver mini opal charm hoop,['18.00']
sterling silver 4mm bead studs,['3.99']
sterling silver 3mm cubic zirconia studs,['7.99']
sterling silver 35mm hammered hoop,['18.00']
sterling silver 10mm sleeper hoop,['2.50']
sterling silver 3mm bead studs,['3.99']
sterling silver essential hinged huggie hoop,['12.00']
sterling silver 12mm sleeper hoop,['3.00']
sterling silver 8mm sleeper hoop,['2.25']
sterling silver gemstone teardrop earrings,['14.00']
sterling silver claw set cubic zirconia studs,['5.99']
sterling silver 2mm bead studs,['3.99']
sterling silver tiny crossover hoop,['12.00']
sterling silver simple knot studs,['6.00']
sterling silver cubic zirconia 12mm huggy hoop,['18.00']
sterling silver 3mm claw set cubic zirconia studs,['8.00']
sterling silver huggie hoop mismatched celestial charms,['16.00']
sterling silver 10mm square tube hoop,['8.00']
sterling silver round opal studs,['12.00']
sterling silver open heart charm hoop,['8.00']
2mm sterling silver cubic zirconia solitaire studs,['7.00']
sterling silver puffed creole hoop,['22.00']
sterling silver tiny double star studs,['8.00']
sterling silver cubic zirconia 10mm huggy hoop,['15.00']
sterling silver mini opal charm hoop,['18.00']
sterling silver 4mm bead studs,['3.99']
sterling silver 3mm cubic zirconia studs,['7.99']
sterling silver 35mm hammered hoop,['18.00']
sterling silver 10mm sleeper hoop,['2.50']
sterling silver 3mm bead studs,['3.99']
sterling silver essential hinged huggie hoop,['12.00']
sterling silver 12mm sleeper hoop,['3.00']
sterling silver 8mm sleeper hoop,['2.25']
sterling silver gemstone teardrop earrings,['14.00']
sterling silver claw set cubic zirconia studs,['5.99']
sterling silver 2mm bead studs,['3.99']
sterling silver tiny crossover hoop,['12.00']
sterling silver simple knot studs,['6.00']
sterling silver cubic zirconia 12mm huggy hoop,['18.00']
sterling silver 3mm claw set cubic zirconia studs,['8.00']
sterling silver huggie hoop mismatched celestial charms,['16.00']
sterling silver 10mm square tube hoop,['8.00']
sterling silver round opal studs,['12.00']
sterling silver open heart charm hoop,['8.00']
2mm sterling silver cubic zirconia solitaire studs,['7.00']
sterling silver puffed creole hoop,['22.00']
sterling silver tiny double star studs,['8.00']
sterling silver cubic zirconia 10mm huggy hoop,['15.00']
sterling silver mini opal charm hoop,['18.00']
sterling silver 4mm bead studs,['3.99']
sterling silver 3mm cubic zirconia studs,['7.99']
sterling silver 35mm hammered hoop,['18.00']
sterling silver 10mm sleeper hoop,['2.50']
sterling silver 3mm bead studs,['3.99']
sterling silver essential hinged huggie hoop,['12.00']
sterling silver 12mm sleeper hoop,['3.00']
sterling silver 8mm sleeper hoop,['2.25']
sterling silver gemstone teardrop earrings,['14.00']
sterling silver claw set cubic zirconia studs,['5.99']
sterling silver 2mm bead studs,['3.99']
sterling silver tiny crossover hoop,['12.00']
sterling silver simple knot studs,['6.00']
sterling silver cubic zirconia 12mm huggy hoop,['18.00']
sterling silver 3mm claw set cubic zirconia studs,['8.00']
sterling silver huggie hoop mismatched celestial charms,['16.00']
sterling silver 10mm square tube hoop,['8.00']
sterling silver round opal studs,['12.00']
sterling silver open heart charm hoop,['8.00']
2mm sterling silver cubic zirconia solitaire studs,['7.00']
sterling silver puffed creole hoop,['22.00']
sterling silver tiny double star studs,['8.00']
sterling silver cubic zirconia 10mm huggy hoop,['15.00']
sterling silver mini opal charm hoop,['18.00']
sterling silver 4mm bead studs,['3.99']
sterling silver 3mm cubic zirconia studs,['7.99']
sterling silver 35mm hammered hoop,['18.00']
sterling silver 10mm sleeper hoop,['2.50']
sterling silver 3mm bead studs,['3.99']
sterling silver essential hinged huggie hoop,['12.00']
sterling silver 12mm sleeper hoop,['3.00']
sterling silver 8mm sleeper hoop,['2.25']
sterling silver gemstone teardrop earrings,['14.00']
sterling silver claw set cubic zirconia studs,['5.99']
sterling silver 2mm bead studs,['3.99']
sterling silver tiny crossover hoop,['12.00']
sterling silver simple knot studs,['6.00']
sterling silver cubic zirconia 12mm huggy hoop,['18.00']
sterling silver 3mm claw set cubic zirconia studs,['8.00']
sterling silver huggie hoop mismatched celestial charms,['16.00']
sterling silver 10mm square tube hoop,['8.00']
sterling silver round opal studs,['12.00']
sterling silver open heart charm hoop,['8.00']
2mm sterling silver cubic zirconia solitaire studs,['7.00']
sterling silver puffed creole hoop,['22.00']
sterling silver tiny double star studs,['8.00']
sterling silver cubic zirconia 10mm huggy hoop,['15.00']
sterling silver mini opal charm hoop,['18.00']
sterling silver 4mm bead studs,['3.99']
sterling silver 3mm cubic zirconia studs,['7.99']
sterling silver 35mm hammered hoop,['18.00']
sterling silver 10mm sleeper hoop,['2.50']
sterling silver 3mm bead studs,['3.99']
sterling silver essential hinged huggie hoop,['12.00']
sterling silver 12mm sleeper hoop,['3.00']
sterling silver 8mm sleeper hoop,['2.25']
sterling silver gemstone teardrop earrings,['14.00']
sterling silver claw set cubic zirconia studs,['5.99']
sterling silver 2mm bead studs,['3.99']
sterling silver tiny crossover hoop,['12.00']
sterling silver simple knot studs,['6.00']
sterling silver cubic zirconia 12mm huggy hoop,['18.00']
sterling silver 3mm claw set cubic zirconia studs,['8.00']
sterling silver huggie hoop mismatched celestial charms,['16.00']
sterling silver 10mm square tube hoop,['8.00']
sterling silver round opal studs,['12.00']
sterling silver open heart charm hoop,['8.00']
2mm sterling silver cubic zirconia solitaire studs,['7.00']
sterling silver puffed creole hoop,['22.00']
sterling silver tiny double star studs,['8.00']
sterling silver cubic zirconia 10mm huggy hoop,['15.00']
sterling silver mini opal charm hoop,['18.00']
sterling silver 4mm bead studs,['3.99']
sterling silver 3mm cubic zirconia studs,['7.99']
sterling silver 35mm hammered hoop,['18.00']
sterling silver 10mm sleeper hoop,['2.50']
sterling silver 3mm bead studs,['3.99']
sterling silver essential hinged huggie hoop,['12.00']
sterling silver 12mm sleeper hoop,['3.00']
sterling silver 8mm sleeper hoop,['2.25']
sterling silver gemstone teardrop earrings,['14.00']
sterling silver claw set cubic zirconia studs,['5.99']
sterling silver 2mm bead studs,['3.99']
sterling silver tiny crossover hoop,['12.00']
sterling silver simple knot studs,['6.00']
sterling silver cubic zirconia 12mm huggy hoop,['18.00']
sterling silver 3mm claw set cubic zirconia studs,['8.00']
sterling silver huggie hoop mismatched celestial charms,['16.00']
sterling silver 10mm square tube hoop,['8.00']
sterling silver round opal studs,['12.00']
sterling silver open heart charm hoop,['8.00']
2mm sterling silver cubic zirconia solitaire studs,['7.00']
sterling silver puffed creole hoop,['22.00']
sterling silver tiny double star studs,['8.00']
sterling silver cubic zirconia 10mm huggy hoop,['15.00']
sterling silver mini opal charm hoop,['18.00']
sterling silver 4mm bead studs,['3.99']
sterling silver 3mm cubic zirconia studs,['7.99']
sterling silver 35mm hammered hoop,['18.00']
sterling silver 10mm sleeper hoop,['2.50']
sterling silver 3mm bead studs,['3.99']
sterling silver essential hinged huggie hoop,['12.00']
sterling silver 12mm sleeper hoop,['3.00']
sterling silver 8mm sleeper hoop,['2.25']
sterling silver gemstone teardrop earrings,['14.00']
sterling silver claw set cubic zirconia studs,['5.99']
sterling silver 2mm bead studs,['3.99']
sterling silver tiny crossover hoop,['12.00']
sterling silver simple knot studs,['6.00']
sterling silver cubic zirconia 12mm huggy hoop,['18.00']
sterling silver 3mm claw set cubic zirconia studs,['8.00']
sterling silver huggie hoop mismatched celestial charms,['16.00']
sterling silver 10mm square tube hoop,['8.00']
sterling silver round opal studs,['12.00']
sterling silver open heart charm hoop,['8.00']
2mm sterling silver cubic zirconia solitaire studs,['7.00']
sterling silver puffed creole hoop,['22.00']
sterling silver tiny double star studs,['8.00']
sterling silver cubic zirconia 10mm huggy hoop,['15.00']
sterling silver mini opal charm hoop,['18.00']
sterling silver 4mm bead studs,['3.99']
sterling silver 3mm cubic zirconia studs,['7.99']
sterling silver 35mm hammered hoop,['18.00']
sterling silver 10mm sleeper hoop,['2.50']
sterling silver 3mm bead studs,['3.99']
sterling silver essential hinged huggie hoop,['12.00']
sterling silver 12mm sleeper hoop,['3.00']
sterling silver 8mm sleeper hoop,['2.25']
sterling silver gemstone teardrop earrings,['14.00']
sterling silver claw set cubic zirconia studs,['5.99']
sterling silver 2mm bead studs,['3.99']
sterling silver tiny crossover hoop,['12.00']
sterling silver simple knot studs,['6.00']
sterling silver cubic zirconia 12mm huggy hoop,['18.00']
sterling silver 3mm claw set cubic zirconia studs,['8.00']
sterling silver huggie hoop mismatched celestial charms,['16.00']
sterling silver 10mm square tube hoop,['8.00']
sterling silver round opal studs,['12.00']
sterling silver open heart charm hoop,['8.00']
2mm sterling silver cubic zirconia solitaire studs,['7.00']
sterling silver puffed creole hoop,['22.00']
sterling silver tiny double star studs,['8.00']
sterling silver cubic zirconia 10mm huggy hoop,['15.00']
sterling silver mini opal charm hoop,['18.00']
sterling silver 4mm bead studs,['3.99']
sterling silver 3mm cubic zirconia studs,['7.99']
sterling silver 35mm hammered hoop,['18.00']
sterling silver 10mm sleeper hoop,['2.50']
sterling silver 3mm bead studs,['3.99']
sterling silver essential hinged huggie hoop,['12.00']
sterling silver 12mm sleeper hoop,['3.00']
sterling silver 8mm sleeper hoop,['2.25']
sterling silver gemstone teardrop earrings,['14.00']
sterling silver claw set cubic zirconia studs,['5.99']
sterling silver 2mm bead studs,['3.99']
sterling silver tiny crossover hoop,['12.00']
sterling silver simple knot studs,['6.00']
sterling silver cubic zirconia 12mm huggy hoop,['18.00']
sterling silver 3mm claw set cubic zirconia studs,['8.00']
sterling silver huggie hoop mismatched celestial charms,['16.00']
sterling silver 10mm square tube hoop,['8.00']
sterling silver round opal studs,['12.00']
sterling silver open heart charm hoop,['8.00']
2mm sterling silver cubic zirconia solitaire studs,['7.00']
sterling silver puffed creole hoop,['22.00']
sterling silver tiny double star studs,['8.00']
sterling silver cubic zirconia 10mm huggy hoop,['15.00']
sterling silver mini opal charm hoop,['18.00']
sterling silver 4mm bead studs,['3.99']
sterling silver 3mm cubic zirconia studs,['7.99']
sterling silver 35mm hammered hoop,['18.00']
sterling silver 10mm sleeper hoop,['2.50']
sterling silver 3mm bead studs,['3.99']
sterling silver essential hinged huggie hoop,['12.00']
sterling silver 12mm sleeper hoop,['3.00']
sterling silver 8mm sleeper hoop,['2.25']
sterling silver gemstone teardrop earrings,['14.00']
sterling silver claw set cubic zirconia studs,['5.99']
sterling silver 2mm bead studs,['3.99']
sterling silver tiny crossover hoop,['12.00']
sterling silver simple knot studs,['6.00']
sterling silver cubic zirconia 12mm huggy hoop,['18.00']
sterling silver 3mm claw set cubic zirconia studs,['8.00']
sterling silver huggie hoop mismatched celestial charms,['16.00']
sterling silver 10mm square tube hoop,['8.00']
sterling silver round opal studs,['12.00']
sterling silver open heart charm hoop,['8.00']
2mm sterling silver cubic zirconia solitaire studs,['7.00']
sterling silver puffed creole hoop,['22.00']
sterling silver tiny double star studs,['8.00']
sterling silver cubic zirconia 10mm huggy hoop,['15.00']
sterling silver mini opal charm hoop,['18.00']
sterling silver 4mm bead studs,['3.99']
sterling silver 3mm cubic zirconia studs,['7.99']
sterling silver 35mm hammered hoop,['18.00']
sterling silver gemstone marquise bracelet,['38.00']
sterling silver daisy chain bracelet,['18.00']
sterling silver ribbon twist bangle,['35.00']
sterling silver braided chain bracelet,['15.00']
sterling silver flat star link bracelet,['9.00']
sterling silver gemstone beaded bracelet,['15.00']
sterling silver seed link slider bracelet,['15.00']
sterling silver fine herringbone bracelet,['12.00']
sterling silver simple bobble snake chain bracelet,['10.00']
sterling silver intertwined stations bracelet,['22.00']
sterling silver fine bobble bead bracelet,['9.00']
sterling silver paperclip link bracelet,['22.00']
sterling silver cubic zirconia contrast lovers link bracelet,['28.00']
sterling silver light hammered court bangle,['24.00']
sterling silver cubic zirconia open heart bracelet,['16.00']
sterling silver fine cubic zirconia circle bracelet,['15.00']
sterling silver paperlink pearl bracelet,['20.00']
sterling silver martika expanding bangle,['30.00']
sterling silver fine chain ball bracelet blue bead,['9.00']
sterling silver feather bracelet,['12.00']
sterling silver simple cubic zirconia layered chain bracelet,['16.00']
turquoise tube bead bracelet,['20.00']
sterling silver herringbone bracelet,['20.00']
sterling silver 3 chain slider bracelet,['30.00']
sterling silver gemstone marquise bracelet,['38.00']
sterling silver daisy chain bracelet,['18.00']
sterling silver ribbon twist bangle,['35.00']
sterling silver braided chain bracelet,['15.00']
sterling silver flat star link bracelet,['9.00']
sterling silver gemstone beaded bracelet,['15.00']
sterling silver seed link slider bracelet,['15.00']
sterling silver fine herringbone bracelet,['12.00']
sterling silver simple bobble snake chain bracelet,['10.00']
sterling silver intertwined stations bracelet,['22.00']
sterling silver fine bobble bead bracelet,['9.00']
sterling silver paperclip link bracelet,['22.00']
sterling silver cubic zirconia contrast lovers link bracelet,['28.00']
sterling silver light hammered court bangle,['24.00']
sterling silver cubic zirconia open heart bracelet,['16.00']
sterling silver fine cubic zirconia circle bracelet,['15.00']
sterling silver paperlink pearl bracelet,['20.00']
sterling silver martika expanding bangle,['30.00']
sterling silver fine chain ball bracelet blue bead,['9.00']
sterling silver feather bracelet,['12.00']
sterling silver simple cubic zirconia layered chain bracelet,['16.00']
turquoise tube bead bracelet,['20.00']
sterling silver herringbone bracelet,['20.00']
sterling silver 3 chain slider bracelet,['30.00']
sterling silver gemstone marquise bracelet,['38.00']
sterling silver daisy chain bracelet,['18.00']
sterling silver ribbon twist bangle,['35.00']
sterling silver braided chain bracelet,['15.00']
sterling silver flat star link bracelet,['9.00']
sterling silver gemstone beaded bracelet,['15.00']
sterling silver seed link slider bracelet,['15.00']
sterling silver fine herringbone bracelet,['12.00']
sterling silver simple bobble snake chain bracelet,['10.00']
sterling silver intertwined stations bracelet,['22.00']
sterling silver fine bobble bead bracelet,['9.00']
sterling silver paperclip link bracelet,['22.00']
sterling silver cubic zirconia contrast lovers link bracelet,['28.00']
sterling silver light hammered court bangle,['24.00']
sterling silver cubic zirconia open heart bracelet,['16.00']
sterling silver fine cubic zirconia circle bracelet,['15.00']
sterling silver paperlink pearl bracelet,['20.00']
sterling silver martika expanding bangle,['30.00']
sterling silver fine chain ball bracelet blue bead,['9.00']
sterling silver feather bracelet,['12.00']
sterling silver simple cubic zirconia layered chain bracelet,['16.00']
turquoise tube bead bracelet,['20.00']
sterling silver herringbone bracelet,['20.00']
sterling silver 3 chain slider bracelet,['30.00']
sterling silver gemstone marquise bracelet,['38.00']
sterling silver daisy chain bracelet,['18.00']
sterling silver ribbon twist bangle,['35.00']
sterling silver braided chain bracelet,['15.00']
sterling silver flat star link bracelet,['9.00']
sterling silver gemstone beaded bracelet,['15.00']
sterling silver seed link slider bracelet,['15.00']
sterling silver fine herringbone bracelet,['12.00']
sterling silver simple bobble snake chain bracelet,['10.00']
sterling silver intertwined stations bracelet,['22.00']
sterling silver fine bobble bead bracelet,['9.00']
sterling silver paperclip link bracelet,['22.00']
sterling silver cubic zirconia contrast lovers link bracelet,['28.00']
sterling silver light hammered court bangle,['24.00']
sterling silver cubic zirconia open heart bracelet,['16.00']
sterling silver fine cubic zirconia circle bracelet,['15.00']
sterling silver paperlink pearl bracelet,['20.00']
sterling silver martika expanding bangle,['30.00']
sterling silver fine chain ball bracelet blue bead,['9.00']
sterling silver feather bracelet,['12.00']
sterling silver simple cubic zirconia layered chain bracelet,['16.00']
turquoise tube bead bracelet,['20.00']
sterling silver herringbone bracelet,['20.00']
sterling silver 3 chain slider bracelet,['30.00']
sterling silver gemstone marquise bracelet,['38.00']
sterling silver daisy chain bracelet,['18.00']
sterling silver ribbon twist bangle,['35.00']
sterling silver braided chain bracelet,['15.00']
sterling silver flat star link bracelet,['9.00']
sterling silver gemstone beaded bracelet,['15.00']
sterling silver seed link slider bracelet,['15.00']
sterling silver fine herringbone bracelet,['12.00']
sterling silver simple bobble snake chain bracelet,['10.00']
sterling silver intertwined stations bracelet,['22.00']
sterling silver fine bobble bead bracelet,['9.00']
sterling silver paperclip link bracelet,['22.00']
sterling silver cubic zirconia contrast lovers link bracelet,['28.00']
sterling silver light hammered court bangle,['24.00']
sterling silver cubic zirconia open heart bracelet,['16.00']
sterling silver fine cubic zirconia circle bracelet,['15.00']
sterling silver paperlink pearl bracelet,['20.00']
sterling silver martika expanding bangle,['30.00']
sterling silver fine chain ball bracelet blue bead,['9.00']
sterling silver feather bracelet,['12.00']
sterling silver simple cubic zirconia layered chain bracelet,['16.00']
turquoise tube bead bracelet,['20.00']
sterling silver herringbone bracelet,['20.00']
sterling silver 3 chain slider bracelet,['30.00']
sterling silver gemstone marquise bracelet,['38.00']
sterling silver daisy chain bracelet,['18.00']
sterling silver ribbon twist bangle,['35.00']
sterling silver braided chain bracelet,['15.00']
sterling silver flat star link bracelet,['9.00']
sterling silver gemstone beaded bracelet,['15.00']
sterling silver seed link slider bracelet,['15.00']
sterling silver fine herringbone bracelet,['12.00']
sterling silver simple bobble snake chain bracelet,['10.00']
sterling silver intertwined stations bracelet,['22.00']
sterling silver fine bobble bead bracelet,['9.00']
sterling silver paperclip link bracelet,['22.00']
sterling silver cubic zirconia contrast lovers link bracelet,['28.00']
sterling silver light hammered court bangle,['24.00']
sterling silver cubic zirconia open heart bracelet,['16.00']
sterling silver fine cubic zirconia circle bracelet,['15.00']
sterling silver paperlink pearl bracelet,['20.00']
sterling silver martika expanding bangle,['30.00']
sterling silver fine chain ball bracelet blue bead,['9.00']
sterling silver feather bracelet,['12.00']
sterling silver simple cubic zirconia layered chain bracelet,['16.00']
turquoise tube bead bracelet,['20.00']
sterling silver herringbone bracelet,['20.00']
sterling silver 3 chain slider bracelet,['30.00']
sterling silver gemstone marquise bracelet,['38.00']
sterling silver daisy chain bracelet,['18.00']
sterling silver ribbon twist bangle,['35.00']
sterling silver braided chain bracelet,['15.00']
sterling silver flat star link bracelet,['9.00']
sterling silver gemstone beaded bracelet,['15.00']
sterling silver seed link slider bracelet,['15.00']
sterling silver fine herringbone bracelet,['12.00']
sterling silver simple bobble snake chain bracelet,['10.00']
sterling silver intertwined stations bracelet,['22.00']
sterling silver fine bobble bead bracelet,['9.00']
sterling silver paperclip link bracelet,['22.00']
sterling silver cubic zirconia contrast lovers link bracelet,['28.00']
sterling silver light hammered court bangle,['24.00']
sterling silver cubic zirconia open heart bracelet,['16.00']
sterling silver fine cubic zirconia circle bracelet,['15.00']
sterling silver paperlink pearl bracelet,['20.00']
sterling silver martika expanding bangle,['30.00']
sterling silver fine chain ball bracelet blue bead,['9.00']
sterling silver feather bracelet,['12.00']
sterling silver simple cubic zirconia layered chain bracelet,['16.00']
turquoise tube bead bracelet,['20.00']
sterling silver herringbone bracelet,['20.00']
sterling silver 3 chain slider bracelet,['30.00']
sterling silver 10mm sleeper hoop,['2.50']
sterling silver 3mm bead studs,['3.99']
sterling silver essential hinged huggie hoop,['12.00']
sterling silver 12mm sleeper hoop,['3.00']
sterling silver 8mm sleeper hoop,['2.25']
sterling silver gemstone teardrop earrings,['14.00']
sterling silver claw set cubic zirconia studs,['5.99']
sterling silver 2mm bead studs,['3.99']
sterling silver tiny crossover hoop,['12.00']
sterling silver simple knot studs,['6.00']
sterling silver cubic zirconia 12mm huggy hoop,['18.00']
sterling silver 3mm claw set cubic zirconia studs,['8.00']
sterling silver huggie hoop mismatched celestial charms,['16.00']
sterling silver 10mm square tube hoop,['8.00']
sterling silver round opal studs,['12.00']
sterling silver open heart charm hoop,['8.00']
2mm sterling silver cubic zirconia solitaire studs,['7.00']
sterling silver puffed creole hoop,['22.00']
sterling silver tiny double star studs,['8.00']
sterling silver cubic zirconia 10mm huggy hoop,['15.00']
sterling silver mini opal charm hoop,['18.00']
sterling silver 4mm bead studs,['3.99']
sterling silver 3mm cubic zirconia studs,['7.99']
sterling silver 35mm hammered hoop,['18.00']
sterling silver 10mm sleeper hoop,['2.50']
sterling silver 3mm bead studs,['3.99']
sterling silver essential hinged huggie hoop,['12.00']
sterling silver 12mm sleeper hoop,['3.00']
sterling silver 8mm sleeper hoop,['2.25']
sterling silver gemstone teardrop earrings,['14.00']
sterling silver claw set cubic zirconia studs,['5.99']
sterling silver 2mm bead studs,['3.99']
sterling silver tiny crossover hoop,['12.00']
sterling silver simple knot studs,['6.00']
sterling silver cubic zirconia 12mm huggy hoop,['18.00']
sterling silver 3mm claw set cubic zirconia studs,['8.00']
sterling silver huggie hoop mismatched celestial charms,['16.00']
sterling silver 10mm square tube hoop,['8.00']
sterling silver round opal studs,['12.00']
sterling silver open heart charm hoop,['8.00']
2mm sterling silver cubic zirconia solitaire studs,['7.00']
sterling silver puffed creole hoop,['22.00']
sterling silver tiny double star studs,['8.00']
sterling silver cubic zirconia 10mm huggy hoop,['15.00']
sterling silver mini opal charm hoop,['18.00']
sterling silver 4mm bead studs,['3.99']
sterling silver 3mm cubic zirconia studs,['7.99']
sterling silver 35mm hammered hoop,['18.00']
sterling silver 10mm sleeper hoop,['2.50']
sterling silver 3mm bead studs,['3.99']
sterling silver essential hinged huggie hoop,['12.00']
sterling silver 12mm sleeper hoop,['3.00']
sterling silver 8mm sleeper hoop,['2.25']
sterling silver gemstone teardrop earrings,['14.00']
sterling silver claw set cubic zirconia studs,['5.99']
sterling silver 2mm bead studs,['3.99']
sterling silver tiny crossover hoop,['12.00']
sterling silver simple knot studs,['6.00']
sterling silver cubic zirconia 12mm huggy hoop,['18.00']
sterling silver 3mm claw set cubic zirconia studs,['8.00']
sterling silver huggie hoop mismatched celestial charms,['16.00']
sterling silver 10mm square tube hoop,['8.00']
sterling silver round opal studs,['12.00']
sterling silver open heart charm hoop,['8.00']
2mm sterling silver cubic zirconia solitaire studs,['7.00']
sterling silver puffed creole hoop,['22.00']
sterling silver tiny double star studs,['8.00']
sterling silver cubic zirconia 10mm huggy hoop,['15.00']
sterling silver mini opal charm hoop,['18.00']
sterling silver 4mm bead studs,['3.99']
sterling silver 3mm cubic zirconia studs,['7.99']
sterling silver 35mm hammered hoop,['18.00']
sterling silver 10mm sleeper hoop,['2.50']
sterling silver 3mm bead studs,['3.99']
sterling silver essential hinged huggie hoop,['12.00']
sterling silver 12mm sleeper hoop,['3.00']
sterling silver 8mm sleeper hoop,['2.25']
sterling silver gemstone teardrop earrings,['14.00']
sterling silver claw set cubic zirconia studs,['5.99']
sterling silver 2mm bead studs,['3.99']
sterling silver tiny crossover hoop,['12.00']
sterling silver simple knot studs,['6.00']
sterling silver cubic zirconia 12mm huggy hoop,['18.00']
sterling silver 3mm claw set cubic zirconia studs,['8.00']
sterling silver huggie hoop mismatched celestial charms,['16.00']
sterling silver 10mm square tube hoop,['8.00']
sterling silver round opal studs,['12.00']
sterling silver open heart charm hoop,['8.00']
2mm sterling silver cubic zirconia solitaire studs,['7.00']
sterling silver puffed creole hoop,['22.00']
sterling silver tiny double star studs,['8.00']
sterling silver cubic zirconia 10mm huggy hoop,['15.00']
sterling silver mini opal charm hoop,['18.00']
sterling silver 4mm bead studs,['3.99']
sterling silver 3mm cubic zirconia studs,['7.99']
sterling silver 35mm hammered hoop,['18.00']
sterling silver 10mm sleeper hoop,['2.50']
sterling silver 3mm bead studs,['3.99']
sterling silver essential hinged huggie hoop,['12.00']
sterling silver 12mm sleeper hoop,['3.00']
sterling silver 8mm sleeper hoop,['2.25']
sterling silver gemstone teardrop earrings,['14.00']
sterling silver claw set cubic zirconia studs,['5.99']
sterling silver 2mm bead studs,['3.99']
sterling silver tiny crossover hoop,['12.00']
sterling silver simple knot studs,['6.00']
sterling silver cubic zirconia 12mm huggy hoop,['18.00']
sterling silver 3mm claw set cubic zirconia studs,['8.00']
sterling silver huggie hoop mismatched celestial charms,['16.00']
sterling silver 10mm square tube hoop,['8.00']
sterling silver round opal studs,['12.00']
sterling silver open heart charm hoop,['8.00']
2mm sterling silver cubic zirconia solitaire studs,['7.00']
sterling silver puffed creole hoop,['22.00']
sterling silver tiny double star studs,['8.00']
sterling silver cubic zirconia 10mm huggy hoop,['15.00']
sterling silver mini opal charm hoop,['18.00']
sterling silver 4mm bead studs,['3.99']
sterling silver 3mm cubic zirconia studs,['7.99']
sterling silver 35mm hammered hoop,['18.00']
sterling silver 10mm sleeper hoop,['2.50']
sterling silver 3mm bead studs,['3.99']
sterling silver essential hinged huggie hoop,['12.00']
sterling silver 12mm sleeper hoop,['3.00']
sterling silver 8mm sleeper hoop,['2.25']
sterling silver gemstone teardrop earrings,['14.00']
sterling silver claw set cubic zirconia studs,['5.99']
sterling silver 2mm bead studs,['3.99']
sterling silver tiny crossover hoop,['12.00']
sterling silver simple knot studs,['6.00']
sterling silver cubic zirconia 12mm huggy hoop,['18.00']
sterling silver 3mm claw set cubic zirconia studs,['8.00']
sterling silver huggie hoop mismatched celestial charms,['16.00']
sterling silver 10mm square tube hoop,['8.00']
sterling silver round opal studs,['12.00']
sterling silver open heart charm hoop,['8.00']
2mm sterling silver cubic zirconia solitaire studs,['7.00']
sterling silver puffed creole hoop,['22.00']
sterling silver tiny double star studs,['8.00']
sterling silver cubic zirconia 10mm huggy hoop,['15.00']
sterling silver mini opal charm hoop,['18.00']
sterling silver 4mm bead studs,['3.99']
sterling silver 3mm cubic zirconia studs,['7.99']
sterling silver 35mm hammered hoop,['18.00']
sterling silver 10mm sleeper hoop,['2.50']
sterling silver 3mm bead studs,['3.99']
sterling silver essential hinged huggie hoop,['12.00']
sterling silver 12mm sleeper hoop,['3.00']
sterling silver 8mm sleeper hoop,['2.25']
sterling silver gemstone teardrop earrings,['14.00']
sterling silver claw set cubic zirconia studs,['5.99']
sterling silver 2mm bead studs,['3.99']
sterling silver tiny crossover hoop,['12.00']
sterling silver simple knot studs,['6.00']
sterling silver cubic zirconia 12mm huggy hoop,['18.00']
sterling silver 3mm claw set cubic zirconia studs,['8.00']
sterling silver huggie hoop mismatched celestial charms,['16.00']
sterling silver 10mm square tube hoop,['8.00']
sterling silver round opal studs,['12.00']
sterling silver open heart charm hoop,['8.00']
2mm sterling silver cubic zirconia solitaire studs,['7.00']
sterling silver puffed creole hoop,['22.00']
sterling silver tiny double star studs,['8.00']
sterling silver cubic zirconia 10mm huggy hoop,['15.00']
sterling silver mini opal charm hoop,['18.00']
sterling silver 4mm bead studs,['3.99']
sterling silver 3mm cubic zirconia studs,['7.99']
sterling silver 35mm hammered hoop,['18.00']
sterling silver 10mm sleeper hoop,['2.50']
sterling silver 3mm bead studs,['3.99']
sterling silver essential hinged huggie hoop,['12.00']
sterling silver 12mm sleeper hoop,['3.00']
sterling silver 8mm sleeper hoop,['2.25']
sterling silver gemstone teardrop earrings,['14.00']
sterling silver claw set cubic zirconia studs,['5.99']
sterling silver 2mm bead studs,['3.99']
sterling silver tiny crossover hoop,['12.00']
sterling silver simple knot studs,['6.00']
sterling silver cubic zirconia 12mm huggy hoop,['18.00']
sterling silver 3mm claw set cubic zirconia studs,['8.00']
sterling silver huggie hoop mismatched celestial charms,['16.00']
sterling silver 10mm square tube hoop,['8.00']
sterling silver round opal studs,['12.00']
sterling silver open heart charm hoop,['8.00']
2mm sterling silver cubic zirconia solitaire studs,['7.00']
sterling silver puffed creole hoop,['22.00']
sterling silver tiny double star studs,['8.00']
sterling silver cubic zirconia 10mm huggy hoop,['15.00']
sterling silver mini opal charm hoop,['18.00']
sterling silver 4mm bead studs,['3.99']
sterling silver 3mm cubic zirconia studs,['7.99']
sterling silver 35mm hammered hoop,['18.00']
sterling silver 10mm sleeper hoop,['2.50']
sterling silver 3mm bead studs,['3.99']
sterling silver essential hinged huggie hoop,['12.00']
sterling silver 12mm sleeper hoop,['3.00']
sterling silver 8mm sleeper hoop,['2.25']
sterling silver gemstone teardrop earrings,['14.00']
sterling silver claw set cubic zirconia studs,['5.99']
sterling silver 2mm bead studs,['3.99']
sterling silver tiny crossover hoop,['12.00']
sterling silver simple knot studs,['6.00']
sterling silver cubic zirconia 12mm huggy hoop,['18.00']
sterling silver 3mm claw set cubic zirconia studs,['8.00']
sterling silver huggie hoop mismatched celestial charms,['16.00']
sterling silver 10mm square tube hoop,['8.00']
sterling silver round opal studs,['12.00']
sterling silver open heart charm hoop,['8.00']
2mm sterling silver cubic zirconia solitaire studs,['7.00']
sterling silver puffed creole hoop,['22.00']
sterling silver tiny double star studs,['8.00']
sterling silver cubic zirconia 10mm huggy hoop,['15.00']
sterling silver mini opal charm hoop,['18.00']
sterling silver 4mm bead studs,['3.99']
sterling silver 3mm cubic zirconia studs,['7.99']
sterling silver 35mm hammered hoop,['18.00']
sterling silver 10mm sleeper hoop,['2.50']
sterling silver 3mm bead studs,['3.99']
sterling silver essential hinged huggie hoop,['12.00']
sterling silver 12mm sleeper hoop,['3.00']
sterling silver 8mm sleeper hoop,['2.25']
sterling silver gemstone teardrop earrings,['14.00']
sterling silver claw set cubic zirconia studs,['5.99']
sterling silver 2mm bead studs,['3.99']
sterling silver tiny crossover hoop,['12.00']
sterling silver simple knot studs,['6.00']
sterling silver cubic zirconia 12mm huggy hoop,['18.00']
sterling silver 3mm claw set cubic zirconia studs,['8.00']
sterling silver huggie hoop mismatched celestial charms,['16.00']
sterling silver 10mm square tube hoop,['8.00']
sterling silver round opal studs,['12.00']
sterling silver open heart charm hoop,['8.00']
2mm sterling silver cubic zirconia solitaire studs,['7.00']
sterling silver puffed creole hoop,['22.00']
sterling silver tiny double star studs,['8.00']
sterling silver cubic zirconia 10mm huggy hoop,['15.00']
sterling silver mini opal charm hoop,['18.00']
sterling silver 4mm bead studs,['3.99']
sterling silver 3mm cubic zirconia studs,['7.99']
sterling silver 35mm hammered hoop,['18.00']
sterling silver 10mm sleeper hoop,['2.50']
sterling silver 3mm bead studs,['3.99']
sterling silver essential hinged huggie hoop,['12.00']
sterling silver 12mm sleeper hoop,['3.00']
sterling silver 8mm sleeper hoop,['2.25']
sterling silver gemstone teardrop earrings,['14.00']
sterling silver claw set cubic zirconia studs,['5.99']
sterling silver 2mm bead studs,['3.99']
sterling silver tiny crossover hoop,['12.00']
sterling silver simple knot studs,['6.00']
sterling silver cubic zirconia 12mm huggy hoop,['18.00']
sterling silver 3mm claw set cubic zirconia studs,['8.00']
sterling silver huggie hoop mismatched celestial charms,['16.00']
sterling silver 10mm square tube hoop,['8.00']
sterling silver round opal studs,['12.00']
sterling silver open heart charm hoop,['8.00']
2mm sterling silver cubic zirconia solitaire studs,['7.00']
sterling silver puffed creole hoop,['22.00']
sterling silver tiny double star studs,['8.00']
sterling silver cubic zirconia 10mm huggy hoop,['15.00']
sterling silver mini opal charm hoop,['18.00']
sterling silver 4mm bead studs,['3.99']
sterling silver 3mm cubic zirconia studs,['7.99']
sterling silver 35mm hammered hoop,['18.00']
sterling silver 10mm sleeper hoop,['2.50']
sterling silver 3mm bead studs,['3.99']
sterling silver essential hinged huggie hoop,['12.00']
sterling silver 12mm sleeper hoop,['3.00']
sterling silver 8mm sleeper hoop,['2.25']
sterling silver gemstone teardrop earrings,['14.00']
sterling silver claw set cubic zirconia studs,['5.99']
sterling silver 2mm bead studs,['3.99']
sterling silver tiny crossover hoop,['12.00']
sterling silver simple knot studs,['6.00']
sterling silver cubic zirconia 12mm huggy hoop,['18.00']
sterling silver 3mm claw set cubic zirconia studs,['8.00']
sterling silver huggie hoop mismatched celestial charms,['16.00']
sterling silver 10mm square tube hoop,['8.00']
sterling silver round opal studs,['12.00']
sterling silver open heart charm hoop,['8.00']
2mm sterling silver cubic zirconia solitaire studs,['7.00']
sterling silver puffed creole hoop,['22.00']
sterling silver tiny double star studs,['8.00']
sterling silver cubic zirconia 10mm huggy hoop,['15.00']
sterling silver mini opal charm hoop,['18.00']
sterling silver 4mm bead studs,['3.99']
sterling silver 3mm cubic zirconia studs,['7.99']
sterling silver 35mm hammered hoop,['18.00']
sterling silver 10mm sleeper hoop,['2.50']
sterling silver 3mm bead studs,['3.99']
sterling silver essential hinged huggie hoop,['12.00']
sterling silver 12mm sleeper hoop,['3.00']
sterling silver 8mm sleeper hoop,['2.25']
sterling silver gemstone teardrop earrings,['14.00']
sterling silver claw set cubic zirconia studs,['5.99']
sterling silver 2mm bead studs,['3.99']
sterling silver tiny crossover hoop,['12.00']
sterling silver simple knot studs,['6.00']
sterling silver cubic zirconia 12mm huggy hoop,['18.00']
sterling silver 3mm claw set cubic zirconia studs,['8.00']
sterling silver huggie hoop mismatched celestial charms,['16.00']
sterling silver 10mm square tube hoop,['8.00']
sterling silver round opal studs,['12.00']
sterling silver open heart charm hoop,['8.00']
2mm sterling silver cubic zirconia solitaire studs,['7.00']
sterling silver puffed creole hoop,['22.00']
sterling silver tiny double star studs,['8.00']
sterling silver cubic zirconia 10mm huggy hoop,['15.00']
sterling silver mini opal charm hoop,['18.00']
sterling silver 4mm bead studs,['3.99']
sterling silver 3mm cubic zirconia studs,['7.99']
sterling silver 35mm hammered hoop,['18.00']
sterling silver 10mm sleeper hoop,['2.50']
sterling silver 3mm bead studs,['3.99']
sterling silver essential hinged huggie hoop,['12.00']
sterling silver 12mm sleeper hoop,['3.00']
sterling silver 8mm sleeper hoop,['2.25']
sterling silver gemstone teardrop earrings,['14.00']
sterling silver claw set cubic zirconia studs,['5.99']
sterling silver 2mm bead studs,['3.99']
sterling silver tiny crossover hoop,['12.00']
sterling silver simple knot studs,['6.00']
sterling silver cubic zirconia 12mm huggy hoop,['18.00']
sterling silver 3mm claw set cubic zirconia studs,['8.00']
sterling silver huggie hoop mismatched celestial charms,['16.00']
sterling silver 10mm square tube hoop,['8.00']
sterling silver round opal studs,['12.00']
sterling silver open heart charm hoop,['8.00']
2mm sterling silver cubic zirconia solitaire studs,['7.00']
sterling silver puffed creole hoop,['22.00']
sterling silver tiny double star studs,['8.00']
sterling silver cubic zirconia 10mm huggy hoop,['15.00']
sterling silver mini opal charm hoop,['18.00']
sterling silver 4mm bead studs,['3.99']
sterling silver 3mm cubic zirconia studs,['7.99']
sterling silver 35mm hammered hoop,['18.00']
sterling silver 7mm plain nose hoop,['2.50']
surgical steel labret 3mm claw set crystal,['5.00']
sterling silver 2mm crystal nose stud,['2.50']
sterling silver 8mm plain nose hoop,['2.50']
sterling silver 7mm nose hoop ball,['2.50']
sterling silver clear crystal square set nose stud,['2.50']
sterling silver 1mm bead nose stud,['2.50']
surgical steel crystal edge hoop,['10.00']
sterling silver light ball twisted chain anklet,['9.00']
sterling silver double ring illusion nose stud,['3.50']
surgical steel hinged segment ring,['6.00']
sterling silver tiny hammered star nose stud,['2.50']
surgical steel heart twist ring,['4.00']
surgical steel labret 2mm claw set crystal,['5.00']
surgical steel crystal marquise petals labret,['7.99']
gold plated 1.5mm crystal nose stud,['3.00']
surgical steel star labret,['4.99']
sterling silver 8mm nose hoop ball,['2.50']
sterling silver 1.5mm bead nose stud,['2.50']
sterling silver daisy link anklet,['24.00']
sterling silver cubic zirconia nose hoop,['3.50']
gold plated 8mm ball nose hoop,['3.00']
sterling silver clear crystal claw set nose stud,['2.50']
gold pvd titanium hinged segment ring,['8.00']
sterling silver 7mm plain nose hoop,['2.50']
surgical steel labret 3mm claw set crystal,['5.00']
sterling silver 2mm crystal nose stud,['2.50']
sterling silver 8mm plain nose hoop,['2.50']
sterling silver 7mm nose hoop ball,['2.50']
sterling silver clear crystal square set nose stud,['2.50']
sterling silver 1mm bead nose stud,['2.50']
surgical steel crystal edge hoop,['10.00']
sterling silver light ball twisted chain anklet,['9.00']
sterling silver double ring illusion nose stud,['3.50']
surgical steel hinged segment ring,['6.00']
sterling silver tiny hammered star nose stud,['2.50']
surgical steel heart twist ring,['4.00']
surgical steel labret 2mm claw set crystal,['5.00']
surgical steel crystal marquise petals labret,['7.99']
gold plated 1.5mm crystal nose stud,['3.00']
surgical steel star labret,['4.99']
sterling silver 8mm nose hoop ball,['2.50']
sterling silver 1.5mm bead nose stud,['2.50']
sterling silver daisy link anklet,['24.00']
sterling silver cubic zirconia nose hoop,['3.50']
gold plated 8mm ball nose hoop,['3.00']
sterling silver clear crystal claw set nose stud,['2.50']
gold pvd titanium hinged segment ring,['8.00']
sterling silver 7mm plain nose hoop,['2.50']
surgical steel labret 3mm claw set crystal,['5.00']
sterling silver 2mm crystal nose stud,['2.50']
sterling silver 8mm plain nose hoop,['2.50']
sterling silver 7mm nose hoop ball,['2.50']
sterling silver clear crystal square set nose stud,['2.50']
sterling silver 1mm bead nose stud,['2.50']
surgical steel crystal edge hoop,['10.00']
sterling silver light ball twisted chain anklet,['9.00']
sterling silver double ring illusion nose stud,['3.50']
surgical steel hinged segment ring,['6.00']
sterling silver tiny hammered star nose stud,['2.50']
surgical steel heart twist ring,['4.00']
surgical steel labret 2mm claw set crystal,['5.00']
surgical steel crystal marquise petals labret,['7.99']
gold plated 1.5mm crystal nose stud,['3.00']
surgical steel star labret,['4.99']
sterling silver 8mm nose hoop ball,['2.50']
sterling silver 1.5mm bead nose stud,['2.50']
sterling silver daisy link anklet,['24.00']
sterling silver cubic zirconia nose hoop,['3.50']
gold plated 8mm ball nose hoop,['3.00']
sterling silver clear crystal claw set nose stud,['2.50']
gold pvd titanium hinged segment ring,['8.00']
sterling silver 7mm plain nose hoop,['2.50']
surgical steel labret 3mm claw set crystal,['5.00']
sterling silver 2mm crystal nose stud,['2.50']
sterling silver 8mm plain nose hoop,['2.50']
sterling silver 7mm nose hoop ball,['2.50']
sterling silver clear crystal square set nose stud,['2.50']
sterling silver 1mm bead nose stud,['2.50']
surgical steel crystal edge hoop,['10.00']
sterling silver light ball twisted chain anklet,['9.00']
sterling silver double ring illusion nose stud,['3.50']
surgical steel hinged segment ring,['6.00']
sterling silver tiny hammered star nose stud,['2.50']
surgical steel heart twist ring,['4.00']
surgical steel labret 2mm claw set crystal,['5.00']
surgical steel crystal marquise petals labret,['7.99']
gold plated 1.5mm crystal nose stud,['3.00']
surgical steel star labret,['4.99']
sterling silver 8mm nose hoop ball,['2.50']
sterling silver 1.5mm bead nose stud,['2.50']
sterling silver daisy link anklet,['24.00']
sterling silver cubic zirconia nose hoop,['3.50']
gold plated 8mm ball nose hoop,['3.00']
sterling silver clear crystal claw set nose stud,['2.50']
gold pvd titanium hinged segment ring,['8.00']
sterling silver 7mm plain nose hoop,['2.50']
surgical steel labret 3mm claw set crystal,['5.00']
sterling silver 2mm crystal nose stud,['2.50']
sterling silver 8mm plain nose hoop,['2.50']
sterling silver 7mm nose hoop ball,['2.50']
sterling silver clear crystal square set nose stud,['2.50']
sterling silver 1mm bead nose stud,['2.50']
surgical steel crystal edge hoop,['10.00']
sterling silver light ball twisted chain anklet,['9.00']
sterling silver double ring illusion nose stud,['3.50']
surgical steel hinged segment ring,['6.00']
sterling silver tiny hammered star nose stud,['2.50']
surgical steel heart twist ring,['4.00']
surgical steel labret 2mm claw set crystal,['5.00']
surgical steel crystal marquise petals labret,['7.99']
gold plated 1.5mm crystal nose stud,['3.00']
surgical steel star labret,['4.99']
sterling silver 8mm nose hoop ball,['2.50']
sterling silver 1.5mm bead nose stud,['2.50']
sterling silver daisy link anklet,['24.00']
sterling silver cubic zirconia nose hoop,['3.50']
gold plated 8mm ball nose hoop,['3.00']
sterling silver clear crystal claw set nose stud,['2.50']
gold pvd titanium hinged segment ring,['8.00']
surgical steel labret 2mm claw set crystal,['5.00']
surgical steel labret 3mm claw set crystal,['5.00']
2.5mm claw set crystal ear bar,['3.99']
3mm claw set crystal ear bar,['3.99']
surgical steel crystal triple stone hoop,['8.00']
surgical steel set crystal hinged segment ring,['8.00']
surgical steel crystal edge hoop,['10.00']
surgical steel hinged segment ring,['6.00']
surgical steel lightning bolt labret,['4.99']
surgical steel moon star labret,['5.99']
surgical steel star labret,['4.99']
surgical steel triple star ear bar,['4.99']
surgical steel bobble twist ring,['4.00']
surgical steel heart twist ring,['4.00']
surgical steel snakey cartilage hoop,['7.00']
surgical steel ball closure ring,['4.00']
surgical steel crystal marquise petals labret,['7.99']
surgical steel crystal flower labret,['7.00']
surgical steel crystal chevron labret,['8.00']
surgical steel crystal pave disc labret,['6.99']
surgical steel synthetic opal mini stone labret,['4.99']
surgical steel opal effect crescent moon labret,['4.99']
surgical steel labret single crystal,['5.99']
surgical steel labret,['3.99']
